title,cover,rating,director,actor,category,country,language,pub_date,duration
我不是药神,https://img9.doubanio.com/view/photo/s_ratio_poster/public/p2561305376.jpg,9.0,文牧野,徐峥 / 王传君 / 周一围 / 谭卓 / 章宇 / 杨新鸣 / 王佳佳 / 王砚辉 / 贾晨飞 / 龚蓓苾 / 宁浩 / 李乃文 / 岳小军 / 苇青 / 富冠铭 / 巴拉特·巴蒂 / 喜利图 / 张海艳 / 朱耕佑,剧情 / 喜剧, 中国大陆, 汉语普通话 / 英语 / 上海话 / 印地语,2018-07-05(中国大陆) / 2018-06-30(大规模点映),117分钟
阿甘正传 Forrest Gump,https://img2.doubanio.com/view/photo/s_ratio_poster/public/p2372307693.jpg,9.5,罗伯特·泽米吉斯,汤姆·汉克斯 / 罗宾·怀特 / 加里·西尼斯 / 麦凯尔泰·威廉逊 / 莎莉·菲尔德 / 海利·乔·奥斯蒙 / 迈克尔·康纳·亨弗里斯 / 哈罗德·G·赫瑟姆 / 山姆·安德森 / 伊俄涅·M·特雷奇 / 彼得·道博森 / 希芳·法隆 / 伊丽莎白·汉克斯 / 汉娜·豪尔 / 克里斯托弗·琼斯 / 罗布·兰德里 / 杰森·麦克奎尔 / 桑尼·施罗耶 / 艾德·戴维斯 / 丹尼尔C.斯瑞派克 / 大卫·布里斯宾 / 德博拉·麦克蒂尔 / 艾尔·哈林顿 / 阿非莫·奥米拉 / 约翰·沃德斯塔德 / 迈克尔·伯吉斯 / 埃里克·安德伍德 / 拜伦·明斯 / 斯蒂芬·布吉格沃特 / 约翰·威廉·高尔特 / 希拉里·沙普兰 / 伊莎贝尔·罗斯 / 理查德·达历山德罗 / 迪克·史迪威 / 迈克尔-杰斯 / 杰弗里·布莱克 / 瓦妮莎·罗斯 / 迪克·卡维特 / 马拉·苏查雷特扎 / 乔·阿拉斯奇 / W·本森·泰瑞,剧情 / 爱情, 美国, 英语,1994-06-23(洛杉矶首映) / 1994-07-06(美国),142分钟
第十一回,https://img9.doubanio.com/view/photo/s_ratio_poster/public/p2637603645.jpg,7.4,陈建斌,陈建斌 / 周迅 / 大鹏 / 窦靖童 / 春夏 / 王学兵 / 宋佳 / 牛犇 / 刘金山 / 于谦 / 贾冰 / 黄建新 / 史航 / 方龄 / 李九霄,剧情 / 喜剧, 中国大陆, 汉语普通话,2021-04-02(中国大陆) / 2019-04(北京国际电影节),117分钟
肖申克的救赎 The Shawshank Redemption,https://img2.doubanio.com/view/photo/s_ratio_poster/public/p480747492.jpg,9.7,弗兰克·德拉邦特,蒂姆·罗宾斯 / 摩根·弗里曼 / 鲍勃·冈顿 / 威廉姆·赛德勒 / 克兰西·布朗 / 吉尔·贝罗斯 / 马克·罗斯顿 / 詹姆斯·惠特摩 / 杰弗里·德曼 / 拉里·布兰登伯格 / 尼尔·吉恩托利 / 布赖恩·利比 / 大卫·普罗瓦尔 / 约瑟夫·劳格诺 / 祖德·塞克利拉 / 保罗·麦克兰尼 / 芮妮·布莱恩 / 阿方索·弗里曼 / V·J·福斯特 / 弗兰克·梅德拉诺 / 马克·迈尔斯 / 尼尔·萨默斯 / 耐德·巴拉米 / 布赖恩·戴拉特 / 唐·麦克马纳斯,剧情 / 犯罪, 美国, 英语,1994-09-10(多伦多电影节) / 1994-10-14(美国),142分钟
千与千寻 千と千尋の神隠し,https://img1.doubanio.com/view/photo/s_ratio_poster/public/p2557573348.jpg,9.4,宫崎骏,柊瑠美 / 入野自由 / 夏木真理 / 菅原文太 / 中村彰男 / 玉井夕海 / 神木隆之介 / 内藤刚志 / 泽口靖子 / 我修院达也 / 大泉洋 / 小林郁夫 / 上条恒彦 / 小野武彦,剧情 / 动画 / 奇幻, 日本, 日语,2019-06-21(中国大陆) / 2001-07-20(日本),125分钟
泰坦尼克号 Titanic,https://img9.doubanio.com/view/photo/s_ratio_poster/public/p457760035.jpg,9.4,詹姆斯·卡梅隆,莱昂纳多·迪卡普里奥 / 凯特·温丝莱特 / 比利·赞恩 / 凯西·贝茨 / 弗兰西丝·费舍 / 格劳瑞亚·斯图尔特 / 比尔·帕克斯顿 / 伯纳德·希尔 / 大卫·沃纳 / 维克多·加博 / 乔纳森·海德 / 苏茜·爱米斯 / 刘易斯·阿伯内西 / 尼古拉斯·卡斯柯恩 / 阿那托利·萨加洛维奇 / 丹尼·努齐 / 杰森·贝瑞 / 伊万·斯图尔特 / 艾恩·格拉法德 / 乔纳森·菲利普斯 / 马克·林赛·查普曼 / 理查德·格拉翰 / 保罗·布赖特威尔 / 艾瑞克·布里登 / 夏洛特·查顿 / 博纳德·福克斯 / 迈克尔·英塞恩 / 法妮·布雷特 / 马丁·贾维斯 / 罗莎琳·艾尔斯 / 罗切尔·罗斯 / 乔纳森·伊万斯-琼斯 / 西蒙·克雷恩 / 爱德华德·弗莱彻 / 斯科特·安德森 / 马丁·伊斯特 / 克雷格·凯利 / 格雷戈里·库克 / 利亚姆·图伊 / 詹姆斯·兰开斯特 / 艾尔莎·瑞雯 / 卢·帕尔特 / 泰瑞·佛瑞斯塔 / 凯文·德·拉·诺伊,剧情 / 爱情 / 灾难, 美国 / 墨西哥 / 澳大利亚 / 加拿大, 英语 / 意大利语 / 德语 / 俄语,1998-04-03(中国大陆) / 1997-11-01(东京电影节) / 1997-12-19(美国),194分钟 / 227分钟(白星版)
绿皮书 Green Book,https://img2.doubanio.com/view/photo/s_ratio_poster/public/p2549177902.jpg,8.9,彼得·法雷里,维果·莫腾森 / 马赫沙拉·阿里 / 琳达·卡德里尼 / 塞巴斯蒂安·马尼斯科 / 迪米特·D·马里诺夫 / 迈克·哈顿 / P·J·伯恩 / 乔·柯蒂斯 / 玛姬·尼克松 / 冯·刘易斯 / 乔恩·索特兰 / 唐·斯达克 / 安东尼·曼加诺 / 保罗·斯隆 / 珍娜·劳伦索 / 肯尼斯·以色列 / 伊克博·塞巴 / 尼克·瓦莱隆加 / 大卫·安 / 迈克·切罗内 / 杰拉尔丁·辛格 / 马丁·巴特斯·布拉德福德 / 格拉伦·布莱恩特·班克斯 / 汤姆·维图 / 夏恩·帕特洛 / 丹尼斯·W·霍尔 / 吉姆·克洛克 / 戴恩·罗兹 / 布赖恩·斯特帕尼克 / 乔恩·迈克尔·戴维斯 / 布莱恩·库瑞 / 托尼亚·马尔多纳多,剧情 / 喜剧 / 音乐 / 传记, 美国 / 中国大陆, 英语 / 意大利语 / 俄语 / 德语,2019-03-01(中国大陆) / 2018-09-11(多伦多电影节) / 2018-11-16(美国),130分钟
摔跤吧！爸爸 Dangal,https://img1.doubanio.com/view/photo/s_ratio_poster/public/p2401676338.jpg,9.0,涅提·蒂瓦里,阿米尔·汗 / 法缇玛·萨那·纱卡 / 桑亚·玛荷塔 / 阿帕尔夏克提·库拉那 / 沙克希·坦沃 / 塞伊拉·沃西 / 苏哈妮·巴特纳格尔 / 里特维克·萨霍里 / 吉里什·库卡尼,剧情 / 家庭 / 传记 / 运动, 印度, 印地语 / 英语,2017-05-05(中国大陆) / 2016-12-23(印度),161分钟(印度) / 140分钟(中国大陆)
疯狂动物城 Zootopia,https://img1.doubanio.com/view/photo/s_ratio_poster/public/p2614500649.jpg,9.2,拜伦·霍华德 / 瑞奇·摩尔 / 杰拉德·布什,金妮弗·古德温 / 杰森·贝特曼 / 伊德里斯·艾尔巴 / 珍妮·斯蕾特 / 内特·托伦斯 / 邦尼·亨特 / 唐·雷克 / 汤米·钟 / J·K·西蒙斯 / 奥克塔维亚·斯宾瑟 / 艾伦·图代克 / 夏奇拉 / 雷蒙德·S·佩尔西 / 德拉·萨巴 / 莫里斯·拉马奇 / 菲尔·约翰斯顿 / 约翰·迪·马吉欧 / 凯蒂·洛斯 / 吉塔·雷迪 / 杰西·科尔蒂 / 汤米·利斯特 / 乔希·达拉斯 / 瑞奇·摩尔 / 凯斯·索西 / 彼得·曼斯布里奇 / 拜伦·霍华德 / 杰拉德·布什 / 马克·史密斯 / 乔西·特立尼达 / 约翰·拉维尔 / 克里斯汀·贝尔 / 吉尔·科德斯 / 梅利莎·古德温,喜剧 / 动画 / 冒险, 美国, 英语 / 挪威语,2016-03-04(中国大陆/美国) / 2020-07-24(中国大陆重映),109分钟(中国大陆) / 108分钟
赤狐书生,https://img1.doubanio.com/view/photo/s_ratio_poster/public/p2627575957.jpg,5.0,宋灏霖 / 伊力奇,陈立农 / 李现 / 哈妮克孜 / 裴魁山 / 姜超 / 张晨光 / 李晓川 / 王耀庆 / 郝劭文 / 恬妞 / 杨紫 / 林君俊 / 彭杨斐  / 郭唐维 / 欧阳佑同  / 路文博 / 齐若壹,喜剧 / 奇幻 / 古装, 中国大陆, 汉语普通话,2020-12-04(中国大陆),125分钟
侍神令,https://img2.doubanio.com/view/photo/s_ratio_poster/public/p2629260713.jpg,5.5,李蔚然,陈坤 / 周迅 / 陈伟霆 / 屈楚萧 / 王丽坤 / 沈月 / 王紫璇 / 王悦伊 / 孙红雷 / 艾米,奇幻, 中国大陆, 汉语普通话,2021-02-12(中国大陆),120分钟
姜子牙,https://img1.doubanio.com/view/photo/s_ratio_poster/public/p2621219978.jpg,6.7,程腾 / 李炜,郑希 / 杨凝 / 图特哈蒙 / 阎么么 / 季冠霖 / 姜广涛,剧情 / 动画 / 奇幻, 中国大陆, 汉语普通话,2020-10-01(中国大陆),110分钟
唐人街探案3,https://img2.doubanio.com/view/photo/s_ratio_poster/public/p2622388983.jpg,5.5,陈思诚,王宝强 / 刘昊然 / 妻夫木聪 / 托尼·贾 / 长泽雅美 / 染谷将太 / 铃木保奈美 / 浅野忠信 / 三浦友和 / 尚语贤 / 肖央 / 张子枫 / 邱泽 / 张钧甯 / 马伯骞 / 程潇 / 陈哲远 / 李明轩 / 崔雨鑫 / 张一白 / 文咏珊 / 张熙然 / 克拉拉 / 树林伸 / 刘德华 / 陈思诚 / 平山日和 / 奥田瑛二 / 六平直政 / 酒向芳 / 秋山成勋 / 桥本爱实 / 长井短 / 宇治清高 / 张国强 / 大鹏 / 陈祉希 / 林沐然,喜剧 / 悬疑, 中国大陆 / 中国香港 / 日本, 汉语普通话 / 日语 / 英语 / 泰语,2021-02-12(中国大陆),136分钟
红海行动,https://img2.doubanio.com/view/photo/s_ratio_poster/public/p2514119443.jpg,8.3,林超贤,张译 / 黄景瑜 / 海清 / 杜江 / 蒋璐霞 / 尹昉 / 王强 / 郭家豪 / 王雨甜 / 麦亨利 / 张涵予 / 王彦霖,动作 / 战争, 中国大陆 / 中国香港, 汉语普通话 / 阿拉伯语 / 英语 / 索马里语 / 粤语,2018-02-16(中国大陆) / 2020-07-24(中国大陆重映),138分钟
少年派的奇幻漂流 Life of Pi,https://img3.doubanio.com/view/photo/s_ratio_poster/public/p1784592701.jpg,9.1,李安,苏拉·沙玛 / 伊尔凡·可汗 / 拉菲·斯波 / 阿迪勒·侯赛因 / 塔布 / 阿尤什·坦东 / 加塔姆·贝鲁尔 / 阿彦·汗 / 穆德·阿巴斯·卡勒里 / 维比什·希瓦库玛 / 热拉尔·德帕迪约 / 詹姆斯·塞托 / 俊·奈托 / 安德里亚·迪·斯戴法诺 / 沙拉万提·塞纳特 / 王柏杰 / 柯一正 / 黄健玮,剧情 / 奇幻 / 冒险, 美国 / 中国台湾 / 英国 / 加拿大, 英语 / 泰米尔语 / 法语 / 日语 / 印地语 / 汉语普通话,2012-11-22(中国大陆) / 2012-09-28(纽约电影节) / 2012-11-21(美国),127分钟
复仇者联盟3：无限战争 Avengers: Infinity War,https://img9.doubanio.com/view/photo/s_ratio_poster/public/p2517753454.jpg,8.1,安东尼·罗素 / 乔·罗素,小罗伯特·唐尼 / 克里斯·海姆斯沃斯 / 克里斯·埃文斯 / 马克·鲁弗洛 / 乔什·布洛林 / 佐伊·索尔达娜 / 本尼迪克特·康伯巴奇 / 克里斯·帕拉特 / 汤姆·赫兰德 / 伊丽莎白·奥尔森 / 保罗·贝坦尼 / 斯嘉丽·约翰逊 / 查德维克·博斯曼 / 塞巴斯蒂安·斯坦 / 唐·钱德尔 / 汤姆·希德勒斯顿 / 安东尼·麦凯 / 本尼迪克特·王 / 戴夫·巴蒂斯塔 / 布莱德利·库珀 / 范·迪塞尔 / 凯伦·吉兰 / 利蒂希娅·赖特 / 庞·克莱门捷夫 / 凯莉·库恩 / 汤姆-沃恩-劳勒 / 海登·瓦尔希 / 迈克尔·詹姆斯·肖 / 泰瑞·诺塔里 / 本尼西奥·德尔·托罗 / 彼特·丁拉基 / 罗斯·马昆德 / 丹娜·奎里拉 / 温斯顿·杜克 / 弗洛伦丝·卡松巴 / 塞缪尔·杰克逊 / 雅各布·巴特朗 / 斯坦·李,动作 / 科幻 / 奇幻 / 冒险, 美国, 英语,2018-05-11(中国大陆) / 2018-04-23(加州首映) / 2018-04-27(美国),149分钟
辛德勒的名单 Schindler's List,https://img2.doubanio.com/view/photo/s_ratio_poster/public/p492406163.jpg,9.5,史蒂文·斯皮尔伯格,连姆·尼森 / 本·金斯利 / 拉尔夫·费因斯 / 卡罗琳·古多尔 / 乔纳森·萨加尔 / 艾伯丝·戴维兹 / 马尔戈萨·格贝尔 / 马克·伊瓦涅 / 碧翠斯·马科拉 / 安德烈·瑟韦林 / 弗里德里希·冯·图恩 / 克齐斯茨托夫·拉夫特 / 诺伯特·魏塞尔 / 维斯瓦夫·科马萨,剧情 / 历史 / 战争, 美国, 英语 / 希伯来语 / 德语 / 波兰语,1993-11-30(华盛顿首映) / 1994-02-04(美国),195分钟
羞羞的铁拳,https://img1.doubanio.com/view/photo/s_ratio_poster/public/p2499793218.jpg,6.8,宋阳 / 张吃鱼,艾伦 / 马丽 / 沈腾 / 田雨 / 宋阳 / 薛皓文 / 常远 / 黄才伦 / 王智,喜剧 / 奇幻, 中国大陆, 汉语普通话,2017-09-30(中国大陆),100分钟
调音师 Andhadhun,https://img1.doubanio.com/view/photo/s_ratio_poster/public/p2551995207.jpg,8.3,斯里兰姆·拉格万,阿尤斯曼·库拉纳 / 塔布 / 拉迪卡·艾普特 / 安尔·德霍万 / 马纳夫·维吉 / 阿什维尼·卡尔塞卡 / 查亚·卡达姆 / Zakir Hussain / 拉什米·阿格德卡 / 莫希尼·凯瓦拉曼,喜剧 / 悬疑 / 惊悚 / 犯罪, 印度, 印地语 / 英语,2019-04-03(中国大陆) / 2018-10-05(印度),139分钟
猫鼠游戏 Catch Me If You Can,https://img3.doubanio.com/view/photo/s_ratio_poster/public/p453924541.jpg,9.1,史蒂文·斯皮尔伯格,莱昂纳多·迪卡普里奥 / 汤姆·汉克斯 / 克里斯托弗·沃肯 / 马丁·辛 / 艾米·亚当斯 / 詹妮弗·加纳 / 伊丽莎白·班克斯 / 纳塔莉·贝伊 / 詹姆斯·布洛林 / 艾伦·旁派 / 南希·利内翰 / 布莱恩·豪威  / 弗兰克·约翰·休斯 / 克里斯·埃里斯,剧情 / 传记 / 犯罪, 美国 / 加拿大, 英语 / 法语,2003-04-11(中国大陆) / 2002-12-16(洛杉矶首映) / 2002-12-25(美国),141 分钟
误杀,https://img2.doubanio.com/view/photo/s_ratio_poster/public/p2614628862.jpg,7.6,柯汶利,肖央 / 谭卓 / 陈冲 / 姜皓文 / 秦沛 / 边天扬 / 许文姗 / 张熙然 / 施名帅 / 黄健玮 / 陈志朋,剧情 / 悬疑 / 犯罪, 中国大陆, 汉语普通话 / 泰语,2019-12-13(中国大陆) / 2020-07-20(中国大陆重映) / 2019-12-07(大规模点映),112分钟
大鱼海棠,https://img9.doubanio.com/view/photo/s_ratio_poster/public/p2361744534.jpg,6.9,梁旋 / 张春,季冠霖 / 苏尚卿 / 许魏洲 / 金士杰 / 杨婷 / 潘淑兰 / 九儿 / 王德顺 / 张媛媛 / 薛立方 / 姜广涛 / 张杰 / 马正阳 / 宝木中阳 / 刘校妤,剧情 / 动画 / 奇幻, 中国大陆, 汉语普通话,2016-07-08(中国大陆),105分钟
复仇者联盟2：奥创纪元 Avengers: Age of Ultron,https://img2.doubanio.com/view/photo/s_ratio_poster/public/p2237747953.jpg,7.5,乔斯·韦登,小罗伯特·唐尼 / 克里斯·海姆斯沃斯 / 马克·鲁弗洛 / 克里斯·埃文斯 / 斯嘉丽·约翰逊 / 杰瑞米·雷纳 / 詹姆斯·斯派德 / 塞缪尔·杰克逊 / 唐·钱德尔 / 亚伦·泰勒-约翰逊 / 伊丽莎白·奥尔森 / 保罗·贝坦尼 / 寇碧·史莫德斯 / 安东尼·麦凯 / 海莉·阿特维尔 / 伊德里斯·艾尔巴 / 斯特兰·斯卡斯加德 / 金秀贤 / 托马斯·克莱舒曼 / 安迪·瑟金斯 / 朱莉·德尔佩 / 斯坦·李 / 亨利·古德曼 / 多米尼克·普罗沃斯特-切克利 / 艾萨克·安德鲁斯,动作 / 科幻 / 奇幻 / 冒险, 美国, 英语 / 韩语,2015-05-12(中国大陆) / 2015-05-01(美国),142分钟
八佰,https://img9.doubanio.com/view/photo/s_ratio_poster/public/p2615992304.jpg,7.6,管虎,王千源 / 张译 / 姜武 / 黄志忠 / 张俊一 / 欧豪 / 杜淳 / 魏晨 / 张宥浩 / 唐艺昕 / 李九霄 / 李晨 / 梁静 / 侯勇 / 辛柏青 / 俞灏明 / 刘晓庆 / 姚晨 / 郑恺 / 余皑磊 / 黄晓明 / 徐嘉雯 / 张承 / 马精武 / 胡晓光 / 陆思宇 / 白恩 / 曹璐 / 刘云龙 / 杨嘉华 / 中泉英雄 / 高爽 / 郑伟 / 高冬平 / 黄米依 / 曹卫宇 / 宋洋 / 徐乐同 / 徐幸,剧情 / 历史 / 战争, 中国大陆, 汉语普通话 / 日语 / 英语,2020-08-21(中国大陆) / 2020-08-14(大规模点映),147分钟(公映版) / 160分钟(上海电影节)
复仇者联盟 The Avengers,https://img1.doubanio.com/view/photo/s_ratio_poster/public/p1469137689.jpg,8.2,乔斯·韦登,小罗伯特·唐尼 / 克里斯·埃文斯 / 斯嘉丽·约翰逊 / 克里斯·海姆斯沃斯 / 杰瑞米·雷纳 / 马克·鲁弗洛 / 塞缪尔·杰克逊 / 汤姆·希德勒斯顿 / 斯特兰·斯卡斯加德 / 寇碧·史莫德斯 / 克拉克·格雷格 / 保罗·贝坦尼 / 格温妮斯·帕特洛,动作 / 科幻 / 奇幻 / 冒险, 美国, 英语 / 俄语,2012-05-05(中国大陆) / 2012-05-04(美国),142分钟
美丽人生 La vita è bella,https://img2.doubanio.com/view/photo/s_ratio_poster/public/p2578474613.jpg,9.5,罗伯托·贝尼尼,罗伯托·贝尼尼 / 尼可莱塔·布拉斯基 / 乔治·坎塔里尼 / 朱斯蒂诺·杜拉诺 / 赛尔乔·比尼·布斯特里克 / 玛丽萨·帕雷德斯 / 霍斯特·布赫霍尔茨 / 利迪娅·阿方西 / 朱利亚娜·洛约迪切 / 亚美利哥·丰塔尼 / 彼得·德·席尔瓦 / 弗朗西斯·古佐 / 拉法埃拉·莱博罗尼 / 克劳迪奥·阿方西 / 吉尔·巴罗尼 / 马西莫·比安奇 / 恩尼奥·孔萨尔维 / 吉安卡尔洛·科森蒂诺 / 阿伦·克雷格 / 汉尼斯·赫尔曼 / 弗兰科·梅斯科利尼 / 安东尼奥·普雷斯特 / 吉娜·诺维勒 / 理查德·塞梅尔 / 安德烈提多娜 / 迪尔克·范登贝格 / 奥梅罗·安东努蒂,剧情 / 喜剧 / 爱情 / 战争, 意大利, 意大利语 / 德语 / 英语,2020-01-03(中国大陆) / 1997-12-20(意大利),116分钟 / 125分钟(戛纳电影节)
那些年，我们一起追的女孩 那些年，我們一起追的女孩,https://img9.doubanio.com/view/photo/s_ratio_poster/public/p1348910586.jpg,8.1,九把刀,柯震东 / 陈妍希 / 敖犬 / 郝劭文 / 蔡昌宪 / 侯彦西 / 弯弯 / 邱彦翔 / 王彩桦 / 柯义浤 / 黄逸祥 / 李凤新 / 黄柏钧 / 赖雅妍 / 高丽红 / 李维维 / 严艺文 / 蔡武雄,剧情 / 喜剧 / 爱情, 中国台湾, 汉语普通话,2012-01-06(中国大陆) / 2011-08-19(中国台湾),110分钟 / 100分钟(中国大陆)
无双 無雙,https://img9.doubanio.com/view/photo/s_ratio_poster/public/p2535260806.jpg,8.0,庄文强,周润发 / 郭富城 / 张静初 / 冯文娟 / 廖启智 / 周家怡 / 王耀庆 / 方中信 / 高捷 / 邢佳栋 / 张松枝 / 张建声 / 吴嘉龙 / 孙佳君,剧情 / 动作 / 悬疑 / 犯罪, 中国大陆 / 中国香港, 汉语普通话 / 粤语 / 英语 / 泰语 / 波兰语,2018-09-30(中国大陆) / 2018-10-04(中国香港),130分钟
飞驰人生,https://img2.doubanio.com/view/photo/s_ratio_poster/public/p2542973862.jpg,6.9,韩寒,沈腾 / 黄景瑜 / 尹正 / 张本煜 / 尹昉 / 田雨 / 魏翔 / 赵文瑄 / 腾格尔 / 易小星 / 李庆誉 / 高华阳 / 刘帅良 / 李玲玉 / 何穗 / 潘晓婷 / 田原 / 李春嫒 / 冯绍峰,喜剧, 中国大陆, 汉语普通话 / 英语,2019-02-05(中国大陆),98分钟
喜剧之王 喜劇之王,https://img1.doubanio.com/view/photo/s_ratio_poster/public/p2579932167.jpg,8.8,周星驰 / 李力持,周星驰 / 张柏芝 / 莫文蔚 / 吴孟达 / 林子善 / 田启文 / 李兆基 / 成龙 / 李思捷 / 郑文辉,剧情 / 喜剧 / 爱情, 中国香港, 粤语,1999-02-13(中国香港),89分钟
小丑 Joker,https://img9.doubanio.com/view/photo/s_ratio_poster/public/p2567198874.jpg,8.7,托德·菲利普斯,华金·菲尼克斯 / 罗伯特·德尼罗 / 马克·马龙 / 莎姬·贝兹 / 谢伊·惠格姆 / 弗兰西丝·康罗伊 / 布莱恩·考伦 / 布莱恩·泰里·亨利 / 布莱特·卡伦 / 道格拉斯·霍奇斯 / 格伦·弗莱施勒 / 比尔·坎普 / 乔什·帕斯 / 但丁·佩雷拉-奥尔森 / 玛丽·凯特·马拉特 / 迈克尔·本茨 / 莎珑·华盛顿 / 桑德拉·詹姆斯 / 托尼·赫德 / 曼德拉·贝拉米 / 乔·奥克曼 / 卡尔·伦德施泰特 / 米克·奥罗克 / 大卫·吉布森 / 伊万·罗萨多 / 安妮·比萨比亚 / 布莱斯·科里根 / 乔恩·道格拉斯·雷尼 / 艾恩斯利·丹恩 / 杰森·约翰·奇卡莱塞,剧情 / 惊悚 / 犯罪, 美国 / 加拿大, 英语,2019-08-31(威尼斯电影节) / 2019-10-04(美国),122分钟 / 118分钟(威尼斯电影节)
剪刀手爱德华 Edward Scissorhands,https://img1.doubanio.com/view/photo/s_ratio_poster/public/p480956937.jpg,8.7,蒂姆·波顿,约翰尼·德普 / 薇诺娜·瑞德 / 黛安·韦斯特 / 安东尼·迈克尔·豪尔 / 凯西·贝克 / 罗伯特·奥利维里 / 康查塔·费雷尔 / 卡罗琳·阿隆 / 迪克·安东尼·威廉姆斯 / 澳澜·琼斯 / 文森特·普莱斯 / 艾伦·阿金 / 苏珊·布洛马特 / 约翰·戴维森 / 布莱恩·拉肯 / Victoria Price / Stuart Lancaster / Gina Gallagher / 阿隆·鲁斯汀 / 阿兰·弗吉 / 史蒂文·布里尔 / Peter Palmer / 马克·麦考利 / 唐娜·派洛尼 / Ken DeVaul / Kathy Dombo / Tabetha Thomas / 尼克·卡特,剧情 / 爱情 / 奇幻, 美国, 英语,1990-12-06(美国),105分钟
熔炉 도가니,https://img9.doubanio.com/view/photo/s_ratio_poster/public/p1363250216.jpg,9.3,黄东赫,孔刘 / 郑有美 / 金贤秀 / 郑仁絮 / 白承焕 / 张光 / 金民尚 / 林贤成 / 金周灵 / 严孝燮 / 全国焕 / 崔镇浩 / 金志映 / 严智星 / 许在浩 / 张素妍,剧情, 韩国, 韩语,2011-09-22(韩国),125分钟
何以为家 كفرناحوم,https://img1.doubanio.com/view/photo/s_ratio_poster/public/p2555295759.jpg,9.1,娜丁·拉巴基,赞恩·阿尔·拉菲亚 / 约丹诺斯·希费罗 / 博鲁瓦蒂夫·特雷杰·班科尔 / 卡萨尔·艾尔·哈达德 / 法迪·尤瑟夫 / 海塔·塞德拉·伊扎姆 / 阿拉·乔什涅 / 娜丁·拉巴基 / 埃利亚斯·库利 / 努尔·艾尔·侯赛尼,剧情, 黎巴嫩 / 美国 / 法国 / 塞浦路斯 / 卡塔尔 / 英国, 阿拉伯语 / 阿姆哈拉语,2019-04-29(中国大陆) / 2018-05-17(戛纳电影节) / 2018-09-20(黎巴嫩),126分钟 / 117分钟(中国大陆)
哈利·波特与密室 Harry Potter and the Chamber of Secrets,https://img3.doubanio.com/view/photo/s_ratio_poster/public/p1082651990.jpg,8.7,克里斯·哥伦布,丹尼尔·雷德克里夫 / 艾玛·沃森 / 鲁伯特·格林特 / 汤姆·费尔顿 / 理查德·格雷弗斯 / 费奥纳·肖 / 托比·琼斯 / 朱丽·沃特斯 / 邦妮·怀特 / 詹森·艾萨克 / 肯尼思·布拉纳 / 艾伦·瑞克曼 / 理查德·哈里斯 / 玛吉·史密斯 / 约翰·克里斯 / 肖恩·比格斯代夫 / 克里斯·兰金 / 克里斯蒂安·库尔森,奇幻 / 冒险, 美国 / 英国 / 德国, 英语,2003-01-24(中国大陆) / 2002-11-15(英国/美国),161分钟 / 174分钟(加长版)
中国机长,https://img2.doubanio.com/view/photo/s_ratio_poster/public/p2568258113.jpg,6.7,刘伟强,张涵予 / 欧豪 / 杜江 / 袁泉 / 张天爱 / 李沁 / 雅玫 / 杨祺如 / 高戈 / 黄志忠 / 朱亚文 / 李现 / 焦俊艳 / 吴樾 / 阚清子 / 李岷城 / 冯文娟 / 陈数 / 杨颖 / 余皑磊 / 关晓彤 / 刘浩 / 伊拉尔·帕萨 / 亚历克斯·皮希汀 / 赵亮 / 周波,剧情 / 传记 / 灾难, 中国大陆, 汉语普通话 / 藏语 / 英语 / 四川话,2019-09-30(中国大陆),111分钟
龙猫 となりのトトロ,https://img9.doubanio.com/view/photo/s_ratio_poster/public/p2540924496.jpg,9.2,宫崎骏,日高法子 / 坂本千夏 / 糸井重里 / 岛本须美 / 北林谷荣 / 高木均 / 雨笠利幸 / 丸山裕子 / 广濑正志 / 鹫尾真知子 / 铃木玲子 / 千叶繁 / 龙田直树 / 鳕子 / 西村朋纮 / 石田光子 / 神代知衣 / 中村大树 / 水谷优子 / 平松晶子 / 大谷育江,动画 / 奇幻 / 冒险, 日本, 日语,2018-12-14(中国大陆) / 1988-04-16(日本),86分钟
头号玩家 Ready Player One,https://img1.doubanio.com/view/photo/s_ratio_poster/public/p2516578307.jpg,8.6,史蒂文·斯皮尔伯格,泰伊·谢里丹 / 奥利维亚·库克 / 本·门德尔森 / 马克·里朗斯 / 丽娜·维特 / 森崎温 / 赵家正 / 西蒙·佩吉 / T·J·米勒 / 汉娜·乔恩-卡门 / 拉尔夫·伊内森 / 苏珊·林奇 / 克莱尔·希金斯 / 劳伦斯·斯佩尔曼 / 佩蒂塔·维克斯 / 艾萨克·安德鲁斯,动作 / 科幻 / 冒险, 美国, 英语 / 日语 / 汉语普通话,2018-03-30(中国大陆) / 2018-03-11(西南偏南电影节) / 2018-03-29(美国),140分钟
唐伯虎点秋香 唐伯虎點秋香,https://img9.doubanio.com/view/photo/s_ratio_poster/public/p2357915564.jpg,8.7,李力持,周星驰 / 巩俐 / 陈百祥 / 郑佩佩 / 朱咪咪 / 梁家仁 / 苑琼丹 / 梁荣忠 / 黄一山 / 黄霑 / 吴镇宇 / 刘家辉 / 蓝洁瑛 / 谷德昭 / 陈辉虹 / 李健仁 / 宣萱 / 温翠苹,喜剧 / 爱情 / 古装, 中国香港, 粤语,1993-07-01(中国香港),102 分钟
一出好戏,https://img2.doubanio.com/view/photo/s_ratio_poster/public/p2529571873.jpg,7.1,黄渤,黄渤 / 舒淇 / 王宝强 / 张艺兴 / 于和伟 / 王迅 / 李勤勤 / 李又麟 / 宁浩 / 管虎 / 梁静 / 徐峥 / 陈德森 / 张磊,剧情 / 喜剧, 中国大陆, 汉语普通话,2018-08-10(中国大陆),134分钟
看不见的客人 Contratiempo,https://img9.doubanio.com/view/photo/s_ratio_poster/public/p2498971355.jpg,8.8,奥里奥尔·保罗,马里奥·卡萨斯 / 阿娜·瓦格纳 / 何塞·科罗纳多 / 巴巴拉·莱涅 / 弗兰塞斯克·奥雷利亚 / 帕科·图斯 / 大卫·塞尔瓦斯 / 伊尼戈·加斯特西 / 圣·耶拉莫斯 / 马内尔·杜维索 / 布兰卡·马丁内斯 / 佩雷·布拉索 / 霍尔迪·布鲁内特 / 鲍比·冈萨雷斯 / 玛蒂娜·乌尔塔多,剧情 / 悬疑 / 惊悚 / 犯罪, 西班牙, 西班牙语,2017-09-15(中国大陆) / 2016-09-23(奇幻电影节) / 2017-01-06(西班牙),106分钟
放牛班的春天 Les choristes,https://img3.doubanio.com/view/photo/s_ratio_poster/public/p1910824951.jpg,9.3,克里斯托夫·巴拉蒂,热拉尔·朱尼奥 / 让-巴蒂斯特·莫尼耶 / 弗朗索瓦·贝莱昂 / 凯德·麦拉德 / 让-保罗·博奈雷 / 玛丽·布奈尔 / 马科森斯·珀林 / 格雷戈里·加迪诺尔 / 托马斯·布伦门塔尔 / 西里尔·伯尔尼科特 / 西蒙·法戈特 / 泰奥杜尔·卡雷-卡赛尼 / 菲利普·杜·詹纳兰德 / Carole Weiss / 埃里克·德斯玛莱茨 / 狄迪尔·弗拉蒙 / 雅克·贝汉,剧情 / 喜剧 / 音乐, 法国 / 瑞士 / 德国, 法语,2004-10-16(中国大陆) / 2021(中国大陆重映) / 2004-03-17(法国),97分钟
毒液：致命守护者 Venom,https://img2.doubanio.com/view/photo/s_ratio_poster/public/p2537158013.jpg,7.2,鲁本·弗雷斯彻,汤姆·哈迪 / 米歇尔·威廉姆斯 / 里兹·阿迈德 / 斯科特·黑兹 / 里德·斯科特 / 珍妮·斯蕾特 / 梅洛拉·沃尔特斯 / 伍迪·哈里森 / 佩吉·陆 / 马尔科姆·C·默里 / 索佩·阿卢科 / 韦恩·佩雷 / 米歇尔·李 / 库尔特·岳 / 克里斯·奥哈拉 / 埃米里奥·瑞弗拉 / 阿里亚当娜·约瑟夫 / 袁之正 / 朴云龙 / 麦克·勃兰特 / 尼克·图恩 / 山姆·麦地那 / 迪塞尔·马德金斯 / 简·麦克尼尔 / 维克托·麦凯 / 马丁·巴特斯·布拉德福德 / 布兰顿·莫拉莱斯 / 马修·康威尔 / 斯坦·李 / 韦德·威廉姆斯 / 约瑟夫·阿梅 / 威廉·W·巴伯 / 玛塞拉·布拉吉奥 / 卡特·伯奇 / 克里斯蒂安·康佛瑞 / 詹姆斯·富尔特斯 / 丹妮拉·加斯基 / 约翰·盖蒂尔 / 艾米丽塔·T·冈萨雷斯 / 杰克·汉森 / 安东尼·B·哈里斯 / 卡茜·亨德利 / 罗恩·彼得·琼斯 / 霍梅洛·洛佩兹 / 万恩·姆约维奇,动作 / 科幻 / 惊悚, 美国 / 中国大陆, 英语 / 汉语普通话,2018-11-09(中国大陆) / 2018-10-05(美国),112分钟 / 107分钟(中国大陆)
机器人总动员 WALL·E,https://img3.doubanio.com/view/photo/s_ratio_poster/public/p1461851991.jpg,9.3,安德鲁·斯坦顿,本·贝尔特 / 艾丽莎·奈特 / 杰夫·格尔林 / 佛莱德·威拉特 / 西格妮·韦弗 / MacInTalk / 约翰·拉岑贝格 / 凯茜·纳基麦 / 泰迪·牛顿 / 鲍伯·伯根 / 洛丽·理查德森 / 吉姆·瓦德 / 彼特·道格特 / 安德鲁·斯坦顿 / 杰夫·皮金 / 约翰·齐甘 / 米凯·麦高万 / 雪莉·琳恩 / 克莱特·惠特克 / 唐纳德·富利洛夫 / 罗里·艾伦 / 杰斯·哈梅尔 / 拉瑞恩·纽曼 / 扬·拉布森 / 保罗·伊丁,科幻 / 动画 / 冒险, 美国, 英语,2008-06-27(美国),98分钟
鬼灭之刃 剧场版 无限列车篇 劇場版 鬼滅の刃 無限列車編,https://img9.doubanio.com/view/photo/s_ratio_poster/public/p2623798236.jpg,8.1,外崎春雄,花江夏树 / 鬼头明里 / 下野纮 / 松冈祯丞 / 日野聪 / 平川大辅 / 石田彰 / 樱井孝宏 / 小西克幸 / 早见沙织 / 铃村健一 / 关智一 / 杉田智和 / 森川智之 / 佐藤利奈 / 三木真一郎 / 桑岛法子 / 本渡枫 / 大地叶 / 小原好美 / 古贺葵 / 小山力也 / 丰口惠美 / 榎木淳弥 / 伊濑茉莉也 / 笠间淳 / 千本木彩花 / 江口拓也 / 山村响 / 广濑裕也 / 高桥伸也 / 秋保佐永子 / 仲村宗悟 / 中惠光城,动画, 日本, 日语,2020-10-16(日本),117分钟
指环王1：护戒使者 The Lord of the Rings: The Fellowship of the Ring,https://img3.doubanio.com/view/photo/s_ratio_poster/public/p2640234840.jpg,9.1,彼得·杰克逊,伊利亚·伍德 / 西恩·奥斯汀 / 伊恩·麦克莱恩 / 维果·莫腾森 / 奥兰多·布鲁姆 / 多米尼克·莫纳汉 / 比利·博伊德 / 克里斯托弗·李 / 马尔顿·索克斯 / 梅根·爱德华兹 / 伊安·霍姆 / 凯特·布兰切特 / 阿兰·霍华德 / 马克·弗格森 / 肖恩·宾 / 萨拉·贝克 / 劳伦斯·马克奥雷 / 安迪·瑟金斯 / 彼得·麦肯齐 / 伊恩·穆内 / 克雷格·帕克 / 卡梅隆·罗德 / 约翰·瑞斯-戴维斯 / 丽芙·泰勒 / 大卫·韦瑟莱 / 雨果·维文 / 菲利普·格里夫 / 威廉·约翰逊 / 伊丽莎白·穆迪 / 布莱恩·瑟金特 / 杰德·布罗菲 / 诺曼·凯茨 / 兰德尔·威廉·库克 / 萨比恩·克洛森 / 西奥沙福瓦 / 本·弗兰舍姆 / 彼得·杰克逊 / 艾伦·李,剧情 / 动作 / 奇幻 / 冒险, 新西兰 / 美国, 英语 / 辛达林语,2002-04-04(中国大陆) / 2021-04-16(中国大陆重映) / 2001-12-19(美国),179分钟 / 208分钟(加长版) / 228分钟(蓝光加长版)
大话西游之月光宝盒 西遊記第壹佰零壹回之月光寶盒,https://img2.doubanio.com/view/photo/s_ratio_poster/public/p2561721372.jpg,9.0,刘镇伟,周星驰 / 吴孟达 / 罗家英 / 蓝洁瑛 / 莫文蔚 / 江约诚 / 陆树铭 / 刘镇伟 / 朱茵 / 李健仁,喜剧 / 爱情 / 奇幻 / 古装, 中国香港 / 中国大陆, 粤语 / 汉语普通话,2014-10-24(中国大陆) / 1995-01-21(中国香港),87分钟
阿凡达 Avatar,https://img2.doubanio.com/view/photo/s_ratio_poster/public/p2634997853.jpg,8.8,詹姆斯·卡梅隆,萨姆·沃辛顿 / 佐伊·索尔达娜 / 西格妮·韦弗 / 史蒂芬·朗 / 米歇尔·罗德里格兹 / 吉奥瓦尼·瑞比西 / 乔·大卫·摩尔  / 希·庞德 / 韦斯·斯塔迪 / 拉兹·阿隆索 / 迪利普·劳 / 马特·杰拉德 / 肖恩·安东尼·莫兰,动作 / 科幻 / 冒险, 美国, 英语 / 西班牙语,2010-01-04(中国大陆) / 2021-03-12(中国大陆重映) / 2009-12-18(美国),162分钟 / 178分钟(加长版)
哈尔的移动城堡 ハウルの動く城,https://img3.doubanio.com/view/photo/s_ratio_poster/public/p2174346180.jpg,9.1,宫崎骏,倍赏千惠子 / 木村拓哉 / 美轮明宏 / 我修院达也 / 神木隆之介 / 伊崎充则 / 大泉洋 / 大塚明夫 / 原田大二郎 / 加藤治子 / 都筑香弥子,动画 / 奇幻 / 冒险, 日本, 日语,2004-09-05(威尼斯电影节) / 2004-11-20(日本),119分钟
忠犬八公的故事 Hachi: A Dog's Tale,https://img1.doubanio.com/view/photo/s_ratio_poster/public/p524964039.jpg,9.4,拉斯·霍尔斯道姆,理查·基尔 / 萨拉·罗默尔 / 琼·艾伦 / 罗比·萨布莱特 / 艾瑞克·阿瓦利 / 田川洋行 / 杰森·亚历山大 / 罗伯特·卡普荣,剧情, 美国 / 英国, 英语 / 日语,2009-06-13(西雅图电影节) / 2010-03-12(英国),93分钟
战狼2,https://img9.doubanio.com/view/photo/s_ratio_poster/public/p2494701965.jpg,7.1,吴京,吴京 / 弗兰克·格里罗 / 吴刚 / 张翰 / 卢靖姗 / 丁海峰 / 淳于珊珊 / 余男 / 于谦 / 石兆琪 / 海蒂·莫尼梅克 / 奥列格·普鲁迪乌斯 / 艾伦·托尼 / 赛尔·哈里斯 / 高明 / 王森 / 苇青 / 程愫 / 张永达 / 郭秋成 / 杜建桥 / 周冠廷 / 安·詹姆斯 / 黛安娜·希拉 / 孙率航 / 张馨月 / 关海龙 / 安妮塔·斯图尔特 / 特雷弗·琼斯 / 奥斯汀·普里斯特 / 克莱·方特诺特 / 保罗·艾力卡 / 丹尼尔·哈格里夫 / 李镇男 / 庄小龙 / 陈云志 / 肯尼迪,动作 / 战争, 中国大陆, 汉语普通话 / 英语,2017-07-27(中国大陆),123分钟
困在时间里的父亲 The Father,https://img1.doubanio.com/view/photo/s_ratio_poster/public/p2646981488.jpg,8.8,佛罗莱恩·泽勒,安东尼·霍普金斯 / 奥利维娅·科尔曼 / 马克·加蒂斯 / 奥莉维亚·威廉姆斯 / 伊莫琴·普茨 / 卢夫斯·塞维尔 / 阿耶莎·达尔克 / 艾薇·维 / Roman Zeller / Scott Mullins / Ray Burnet / Adnan Kundi,剧情, 英国 / 法国, 英语,2021-06-18(中国大陆) / 2020-01-27(圣丹斯电影节) / 2021-02-26(美国) / 2021-03-26(美国网络),97分钟
无间道 無間道,https://img2.doubanio.com/view/photo/s_ratio_poster/public/p2564556863.jpg,9.2,刘伟强 / 麦兆辉,刘德华 / 梁朝伟 / 黄秋生 / 曾志伟 / 郑秀文 / 陈慧琳 / 陈冠希 / 余文乐 / 杜汶泽 / 林家栋 / 萧亚轩,剧情 / 惊悚 / 犯罪, 中国香港, 粤语,2003-09-05(中国大陆) / 2002-12-12(中国香港),101分钟 / 97分钟(导演剪辑版)
功夫,https://img1.doubanio.com/view/photo/s_ratio_poster/public/p2219011938.jpg,8.7,周星驰,周星驰 / 元秋 / 元华 / 黄圣依 / 梁小龙 / 陈国坤 / 田启文 / 林子聪 / 林雪 / 冯克安 / 释彦能 / 冯小刚 / 袁祥仁 / 张一白 / 赵志凌 / 董志华 / 何文辉 / 陈凯师 / 贾康熙 / 林子善 / 任珈锐 / 王仕颖,喜剧 / 动作 / 犯罪 / 奇幻, 中国大陆 / 中国香港, 粤语 / 汉语普通话 / 手语,2004-12-23(中国大陆/中国香港) / 2015-01-15(中国大陆3D) / 2004-09-14(多伦多电影节),100分钟(3D重映) / 95分钟(中国大陆) / 99分钟(美国)
超能陆战队 Big Hero 6,https://img2.doubanio.com/view/photo/s_ratio_poster/public/p2614500883.jpg,8.7,唐·霍尔 / 克里斯·威廉姆斯,斯科特·安第斯 / 瑞恩·波特 / 丹尼尔·海尼 / T·J·米勒 / 杰米·钟 / 小达蒙·韦恩斯 / 珍尼希斯·罗德里格兹 / 詹姆斯·克伦威尔 / 艾伦·图代克 / 玛娅·鲁道夫 / 亚布拉哈姆·本鲁比 / 凯蒂·洛斯 / 比利·布什 / 丹尼尔·吉尔森 / 保罗·布里格斯,喜剧 / 动作 / 科幻 / 动画 / 冒险, 美国, 英语,2015-02-28(中国大陆) / 2020-07-31(中国大陆重映) / 2014-10-23(东京电影节) / 2014-11-07(美国),102分钟
酒精计划 Druk,https://img9.doubanio.com/view/photo/s_ratio_poster/public/p2628440526.jpg,7.7,托马斯·温特伯格,麦斯·米科尔森 / 托玛斯·博·拉森 / 马格努斯·米兰 / 拉斯·兰特 / 玛利亚·邦妮薇 / 海伦娜·赖因科德·纳曼 / 苏西·沃德 / 艾伯特·鲁德贝克·林哈特 / 弗莱德瑞克·温瑟·拉斯穆森 / 多尔特·回斯特德 / 莫滕·桑博 / 奥勒·杜邦 / 比尔·克林顿 / 列昂尼德·伊里奇·勃列日涅夫 / 让-克洛德·容克 / 安格拉·默克尔 / 欧尔班·维克托 / 尼古拉·萨科齐 / 鲍里斯·尼古拉耶维奇·叶利钦 / Silas Cornelius Van / Martin Greis-Rosenthal / Magnus Sjørup / Aksel Vedsegaard / Gustav Sigurth Jeppesen / Aya Grann,剧情 / 喜剧, 丹麦 / 瑞典 / 荷兰, 丹麦语 / 瑞典语,2020-09-12(多伦多电影节) / 2020-09-24(丹麦),117分钟
扫黑·决战,https://img1.doubanio.com/view/photo/s_ratio_poster/public/p2641608918.jpg,6.5,吕聿来,姜武 / 张颂文 / 金世佳 / 李倩 / 赵毅 / 焦刚 / 尤勇智 / 刘琳 / 白志迪 / 王丽云 / 钱波 / 王佳佳 / 董博睿 / 徐可珑 / 张康乐 / 阿如那 / 蒋雪鸣 / 陈进 / 宗俊涛 / 涂圣成 / 王浩丞 / 吴双 / 范诗然 / 柳俊岐 / 秦海 / 钱漪 / 张天舒 / 王欣嘉 / 贾凤柱 / 王若溪 / 顾语涵 / 王峰 / 王建龙 / 张海怡 / 王静宇,剧情 / 动作 / 犯罪, 中国大陆, 汉语普通话,2021-05-01(中国大陆),112分钟
扎克·施奈德版正义联盟 Zack Snyder's Justice League,https://img9.doubanio.com/view/photo/s_ratio_poster/public/p2634360594.jpg,8.3,扎克·施奈德,本·阿弗莱克 / 亨利·卡维尔 / 盖尔·加朵 / 杰森·莫玛 / 埃兹拉·米勒 / 雷·费舍尔 / 艾米·亚当斯 / 威廉·达福 / 杰西·艾森伯格 / 杰瑞米·艾恩斯 / 戴安·琳恩 / 康妮·尼尔森 / J·K·西蒙斯 / 塞伦·希德 / 郑恺 / 艾梅柏·希尔德 / 乔·莫顿 / 丽莎·洛文·孔斯利 / 大卫·休里斯 / 安·奥戈博莫 / 奥古斯塔·艾娃·艾伦德斯杜提尔 / 克里斯特比约格·凯尔德 / 英格瓦·埃盖特·西古德松 / 马克·麦克卢尔 / 迈克尔·麦克埃尔哈顿 / 约翰·达格尔什 / 拉腊·德坎罗 / 罗比·基 / 吉姆·斯图格恩 / 杜晨·科洛斯 / 埃莉诺·松浦 / 萨曼塔·若 / 布鲁克恩斯 / 杰罗姆·普拉顿 / 理查德·克里弗特 / 文森特·里奥特 / 马克·阿诺德 / 彼得·吉尼斯 / 赛吉·康斯坦斯 / 奥萝尔·劳泽瑞尔 / 朱利安·刘易斯·琼斯 / 雷·波特 / 弗朗西斯·麦基 / 科雷西·克莱门斯 / 露西·布莱尔斯 / 威尔·柯班 / 凯伦·布莱森 / 克里斯蒂·梅尔 / 吉安皮罗·科格诺利 / 寇布勒·霍尔德布鲁克-史密斯 / 凯文·马图林 / 泰勒·詹姆斯 / 布鲁斯·钟 / 奥赖恩·李 / 奥利弗·加茨 / 凯莉·波尔克 / 奥利弗·鲍威尔 / 哈里·伦尼克斯 / 欧米·罗斯 / 萨姆·本杰明 / 卡拉·古奇诺 / 罗素·克劳 / 扎克·施奈德,动作 / 科幻 / 奇幻 / 冒险, 美国, 英语,2021-05-03(中国大陆网络) / 2021-03-18(美国),242分钟
当幸福来敲门 The Pursuit of Happyness,https://img9.doubanio.com/view/photo/s_ratio_poster/public/p2614359276.jpg,9.1,加布里埃莱·穆奇诺,威尔·史密斯 / 贾登·史密斯 / 坦迪·牛顿 / 布莱恩·豪威  / 詹姆斯·凯伦 / 丹·卡斯泰兰尼塔 / 柯特·富勒 / 塔卡尤·费舍尔 / 凯文·韦斯特 / 乔治·张 / 戴维·迈克尔·西尔弗曼 / 多米尼克·博夫 / 杰弗·卡伦 / 乔伊芙·拉文 / 斯科特·克拉斯,剧情 / 家庭 / 传记, 美国, 英语 / 粤语,2008-01-17(中国大陆) / 2020-07-20(中国大陆重映) / 2006-12-15(美国),117分钟
唐人街探案,https://img9.doubanio.com/view/photo/s_ratio_poster/public/p2302930556.jpg,7.7,陈思诚,王宝强 / 刘昊然 / 佟丽娅 / 陈赫 / 肖央 / 小沈阳 / 潘粤明 / 马浴柯 / 张子枫 / 赵英俊 / 桑平 / 金士杰 / 大鹏 / 张国强 / 李叶青 / 陈祉希 / 戴墨,喜剧 / 动作 / 悬疑, 中国大陆, 汉语普通话 / 泰语 / 英语,2015-12-31(中国大陆),135分钟
海王 Aquaman,https://img1.doubanio.com/view/photo/s_ratio_poster/public/p2541280047.jpg,7.6,温子仁,杰森·莫玛 / 艾梅柏·希尔德 / 威廉·达福 / 帕特里克·威尔森 / 妮可·基德曼 / 杜夫·龙格尔 / 叶海亚·阿卜杜勒-迈丁 / 特穆拉·莫里森 / 林路迪 / 迈克尔·比奇 / 兰道尔·朴 / 格拉汉姆·麦克泰维什 / 雷·沃纳尔 / 泰努伊·柯克伍德 / 塔穆尔·柯克伍德 / 丹泽尔·夸克 / 卡恩·古尔杜尔 / 奥蒂斯·丹吉 / 克考亚·克库毛诺 / 朱莉·安德鲁斯 / 约翰·瑞斯-戴维斯 / 杰曼·翰苏 / 索菲亚·福雷斯特 / 娜塔莉·萨福兰 / 杰克·安德鲁 / 汉克·阿莫斯 / 帕特里克·考克斯 / 罗伯特·朗斯特里特 / 德维卡·帕利赫 / 梅布尔·塔莫内 / 文森特·B·拉戈斯 / 加布里埃拉·佩特科娃 / 爱丽丝·兰斯伯里 / 帕特里克·艾奇逊 / 约翰·盖蒂尔 / 塔丽亚·杰德·霍尔特 / 罗斯·克纳汉 / 布拉登·刘易斯 / 萨尔瓦多·梅伦达 / 山姆·莫纳汉 / 温妮·穆赞贝 / 凯·潘塔诺 / 安娜·帕奇 / 乔恩·奎斯蒂德 / 迪伦·斯图默 / 米奇·武尔夫,动作 / 奇幻 / 冒险, 美国 / 澳大利亚, 英语 / 毛利语 / 意大利语 / 俄语,2018-12-07(中国大陆) / 2018-12-21(美国),143分钟
海上钢琴师 La leggenda del pianista sull'oceano,https://img9.doubanio.com/view/photo/s_ratio_poster/public/p2574551676.jpg,9.3,朱塞佩·托纳多雷,蒂姆·罗斯 / 普路特·泰勒·文斯 / 比尔·努恩 / 克兰伦斯·威廉姆斯三世 / 梅兰尼·蒂埃里 / 皮特·沃恩 / 尼尔·奥布赖恩 / 阿尔贝托·巴斯克斯 / 加布里埃莱·拉维亚 / 科里·巴克 / 西德尼·科尔 / Luigi De Luca / 尼古拉·迪·平托 / 费米·依鲁福祖 / 伊斯顿·盖奇 / 凯文·麦克纳利 / 布莱恩·普林格 / 沙拉·鲁宾 / 希思科特·威廉姆斯 / 阿妮妲·扎格利亚 / 安吉洛·迪洛雷塔,剧情 / 音乐, 意大利, 英语 / 法语 / 意大利语,2019-11-15(中国大陆) / 1998-10-28(意大利),165分钟 / 120分钟(法国版) / 169分钟(加长版) / 125分钟(中国大陆)
我是大哥大 电影版 今日から俺は！！劇場版,https://img9.doubanio.com/view/photo/s_ratio_poster/public/p2595471914.jpg,7.9,福田雄一,贺来贤人 / 伊藤健太郎 / 清野菜名 / 桥本环奈 / 仲野太贺 / 柳乐优弥 / 山本舞香 / 矢本悠马 / 若月佑美 / 柾木玲弥 / 铃木伸之 / 猪塚健太 / 矶村勇斗 / 佐藤二朗 / 吉田钢太郎 / 泉泽祐希 / 荣信 / 爱原实花,喜剧, 日本, 日语,2020-07-17(日本),114分钟
我和我的家乡,https://img2.doubanio.com/view/photo/s_ratio_poster/public/p2620453443.jpg,7.2,宁浩 / 徐峥 / 陈思诚 / 闫非 / 彭大魔 / 邓超 / 俞白眉,葛优 / 黄渤 / 范伟 / 邓超 / 沈腾 / 张占义 / 王宝强 / 徐峥 / 闫妮 / 马丽 / 刘敏涛 / 刘昊然 / 卢靖姗 / 王子文 / 魏翔 / 章宇 / 王砚辉 / 张译 / 王源 / 张一鸣 / 杨新鸣 / 王迅 / 于和伟 / 苗阜 / 辣目洋子 / 张子贤 / 董子健 / 陶虹 / 吴京 / 韩彦博 / 吕行 / 佟丽娅 / 李晨 / 孙俪 / 赵铁人 / 郝云 / 彭昱畅 / 杨紫 / 岳云鹏 / 赵海燕 / 岳小军 / 王俊凯 / 贾玲 / 潘斌龙 / 高睿菲儿 / 陈数 / 代乐乐 / 黄才伦 / 雷佳音 / 梁超 / 孙贵权 / 韩昊霖 / 岳红 / 陶亮 / 李易峰 / 许猛 / 郭帆 / 卫莱 / 栗坤 / 薇娅 / 李佳琦 / 白泽泽,剧情 / 喜剧, 中国大陆, 汉语普通话,2020-10-01(中国大陆),153分钟
吉祥如意,https://img3.doubanio.com/view/photo/s_ratio_poster/public/p2632185061.jpg,7.9,大鹏,王吉祥 / 大鹏 / 刘陆,剧情 / 家庭, 中国大陆, 汉语普通话,2021-01-29(中国大陆) / 2020-07-26(上海电影节),80分钟
送你一朵小红花,https://img1.doubanio.com/view/photo/s_ratio_poster/public/p2618247457.jpg,7.4,韩延,易烊千玺 / 刘浩存 / 朱媛媛 / 高亚麟 / 夏雨 / 岳云鹏 / 陈祉希 / 李晓川 / 孔琳 / 吴晓亮 / 张绍刚 / 孙强 / 安笑歌 / 李增辉 / 姚未平 / 张浩天 / 柴陆,剧情, 中国大陆, 汉语普通话,2020-12-31(中国大陆),128分钟
寄生虫 기생충,https://img3.doubanio.com/view/photo/s_ratio_poster/public/p2561439800.jpg,8.8,奉俊昊,宋康昊 / 李善均 / 曹如晶 / 崔宇植 / 朴素丹 / 李姃垠 / 张慧珍 / 郑知晓 / 朴明勋 / 朴叙俊 / 朴根禄 / 郑贤俊 / 朴孝新 / 安德烈亚斯·弗龙克,剧情 / 喜剧, 韩国, 韩语 / 英语,2019-05-21(戛纳电影节) / 2019-05-30(韩国),132分钟
夏洛特烦恼,https://img2.doubanio.com/view/photo/s_ratio_poster/public/p2264377763.jpg,7.7,闫非 / 彭大魔,沈腾 / 马丽 / 尹正 / 艾伦 / 王智 / 田雨 / 宋阳 / 常远 / 李萍 / 李立群 / 张一鸣 / 马小茜 / 赵震 / 董良瑜 / 刘坤 / 黄才伦 / 陈昊明 / 陆林洁 / 王成思 / 刘金 / 刘立东 / 杨欢 / 宁幻秋 / 温森 / 陶柏 / 许猛 / 嫣红 / 刘叶舟 / 王硕 / 马驰 / 周展翅 / 周华安 / 顾佳欣 / 易波 / 一戈 / 姜田丰 / 郭恩强 / 常世奎 / 于健 / 王琦 / 赵雪 / 陶亮 / 黄杨 / 陆羊 / 王军 / 刘子凡 / 刘笑竹 / 卢莹 / 张广洁 / 方菲菲 / 许登雨 / 朱波 / 肖扬 / 魏翔 / 江夏 / 吴江 / 张辰 / 王野 / 贾悦明 / 王翡 / 简姗姗 / 申琴子 / 尹星人 / 桂百惠 / 管亚鑫 / 彭泽言 / 王思浩 / 关鹏 / 桂琛 / 朱磊 / 徐贤任 / 田川 / 李哲,喜剧 / 爱情, 中国大陆, 汉语普通话,2015-09-30(中国大陆),104分钟
我和我的祖国,https://img3.doubanio.com/view/photo/s_ratio_poster/public/p2567998580.jpg,7.7,陈凯歌 / 张一白 / 管虎 / 薛晓路 / 徐峥 / 宁浩 / 文牧野,黄渤 / 张译 / 韩昊霖 / 杜江 / 葛优 / 刘昊然 / 宋佳 / 王千源 / 任素汐 / 吴京 / 朱一龙 / 王东 / 陈飞宇 / 佟丽娅 / 欧豪 / 张嘉益 / 惠英红 / 龚蓓苾 / 田壮壮 / 韩东君 / 辛柏青 / 周冬雨 / 任达华 / 江珊 / 王砚辉 / 耿乐 / 姜武 / 梁静 / 佟大为 / 魏晨 / 胡军 / 王天辰 / 彭昱畅 / 罗海琼 / 郭丞 / 周依然 / 樊雨洁 / 刘涛 / 马伊琍 / 张建亚 / 徐峥 / 王洛勇 / 高亚麟 / 王道铁 / 程禹森 / 马书良 / 景海鹏 / 陈冬 / 雷佳音 / 张子枫 / 陶虹 / 郭京飞 / 袁文康 / 贾晨飞 / 邵汶 / 张芝华 / 段博文 / 郎平,剧情, 中国大陆, 汉语普通话,2019-09-30(中国大陆),155分钟
哈利·波特与魔法石 Harry Potter and the Sorcerer's Stone,https://img9.doubanio.com/view/photo/s_ratio_poster/public/p2614949805.jpg,9.1,克里斯·哥伦布,丹尼尔·雷德克里夫 / 艾玛·沃森 / 鲁伯特·格林特 / 艾伦·瑞克曼 / 玛吉·史密斯 / 汤姆·费尔顿 / 伊恩·哈特 / 理查德·哈里斯 / 约翰·赫特 / 罗彼·考特拉尼 / 朱丽·沃特斯 / 邦妮·怀特 / 约翰·克里斯 / 肖恩·比格斯代夫,奇幻 / 冒险, 美国 / 英国, 英语,2002-01-26(中国大陆) / 2020-08-14(中国大陆重映) / 2001-11-04(英国首映) / 2001-11-16(美国),152分钟 / 159分钟(加长版)
釜山行 부산행,https://img1.doubanio.com/view/photo/s_ratio_poster/public/p2360940399.jpg,8.6,延尚昊,孔刘 / 郑有美 / 马东锡 / 金秀安 / 金义城 / 崔宇植 / 安昭熙 / 崔奎华 / 郑锡勇 / 艺秀晶 / 朴明申 / 张赫镇 / 禹都临 / 沈恩京,动作 / 惊悚 / 灾难, 韩国, 韩语,2016-05-13(戛纳电影节) / 2016-07-20(韩国),118分钟
复仇者联盟4：终局之战 Avengers: Endgame,https://img9.doubanio.com/view/photo/s_ratio_poster/public/p2552058346.jpg,8.5,安东尼·罗素 / 乔·罗素,小罗伯特·唐尼 / 克里斯·埃文斯 / 马克·鲁弗洛 / 克里斯·海姆斯沃斯 / 乔什·布洛林 / 保罗·路德 / 凯伦·吉兰 / 杰瑞米·雷纳 / 斯嘉丽·约翰逊 / 唐·钱德尔 / 布丽·拉尔森 / 布莱德利·库珀 / 泰莎·汤普森 / 汤姆·赫兰德 / 伊丽莎白·奥尔森 / 本尼迪克特·康伯巴奇 / 蒂尔达·斯文顿 / 格温妮斯·帕特洛 / 蕾妮·罗素 / 约翰·斯拉特里 / 查德维克·博斯曼 / 安东尼·麦凯 / 塞巴斯蒂安·斯坦 / 克里斯·帕拉特 / 汤姆·希德勒斯顿 / 佐伊·索尔达娜 / 丹娜·奎里拉 / 本尼迪克特·王 / 庞·克莱门捷夫 / 戴夫·巴蒂斯塔 / 利蒂希娅·赖特 / 伊万杰琳·莉莉 / 乔恩·费儒 / 海莉·阿特维尔 / 娜塔莉·波特曼 / 玛丽莎·托梅 / 塔伊加·维迪提 / 安吉拉·贝塞特 / 迈克尔·道格拉斯 / 米歇尔·菲佛 / 威廉·赫特 / 寇碧·史莫德斯 / 肖恩·古恩 / 温斯顿·杜克 / 琳达·卡德里尼 / 马克斯米利亚诺·赫尔南德斯 / 弗兰克·格里罗 / 真田广之 / 汤姆-沃恩-劳勒 / 詹姆斯·达西 / 雅各布·巴特朗 / 范·迪塞尔 / 罗伯特·雷德福 / 塞缪尔·杰克逊 / 伊薇特·尼科尔·布朗 / 卡梅伦·布鲁姆布罗 / 蒂莫西·卡尔 / 凯瑞·康顿 / 迈克尔·A·库克 / 凯莉·库恩 / 艾玛·福尔曼 / 雷纳·加拉赫 / 丹妮拉·加斯基 / 郑肯 / 小弗洛伊德·安东尼·约翰 / 斯坦·李 / 罗斯·马昆德 / 布伦特·麦吉 / 迈克尔·皮耶里诺·米勒 / 卡兰·马尔韦 / 泰瑞·诺塔里 / 吉米·雷·皮肯斯 / 迈克尔·詹姆斯·肖 / 泰·辛普金斯 / 格雷格·蒂芬,剧情 / 动作 / 科幻 / 奇幻 / 冒险, 美国, 英语 / 日语 / 科萨语,2019-04-24(中国大陆) / 2019-04-26(美国),181分钟
楚门的世界 The Truman Show,https://img2.doubanio.com/view/photo/s_ratio_poster/public/p479682972.jpg,9.3,彼得·威尔,金·凯瑞 / 劳拉·琳妮 / 艾德·哈里斯 / 诺亚·艾默里奇 / 娜塔莎·麦克艾霍恩,剧情 / 科幻, 美国, 英语,1998-06-05(美国),103分钟
神偷奶爸 Despicable Me,https://img1.doubanio.com/view/photo/s_ratio_poster/public/p792776858.jpg,8.6,皮埃尔·柯芬 / 克里斯·雷纳德,史蒂夫·卡瑞尔 / 杰森·席格尔 / 拉塞尔·布兰德 / 朱莉·安德鲁斯 / 威尔·阿奈特 / 克里斯汀·韦格 / 米兰达·卡斯格拉夫 / 达纳·盖尔 / 艾尔西·费舍尔 / 皮埃尔·柯芬 / 克里斯·雷纳德 / 杰梅奈·克莱门特 / 杰克·麦克布瑞尔 / 丹尼·麦克布莱德 / 敏迪·卡灵 / 罗布·许贝尔 / 肯·道里欧 / 郑肯,喜剧 / 动画 / 冒险, 美国 / 法国, 英语,2010-06-20(莫斯科电影节) / 2010-07-09(美国),95分钟
新神榜：哪吒重生,https://img9.doubanio.com/view/photo/s_ratio_poster/public/p2631711326.jpg,7.1,赵霁,杨天翔 / 张赫 / 宣晓鸣 / 李诗萌 / 朱可儿 / 凌振赫 / 刘若班 / 张遥函 / 张喆 / 高增志 / 郭浩然,动作 / 动画 / 奇幻, 中国大陆, 汉语普通话,2021-02-12(中国大陆),116分钟
三傻大闹宝莱坞 3 Idiots,https://img3.doubanio.com/view/photo/s_ratio_poster/public/p579729551.jpg,9.2,拉吉库马尔·希拉尼,阿米尔·汗 / 卡琳娜·卡普尔 / 马达范 / 沙尔曼·乔希 / 奥米·瓦依达 / 博曼·伊拉尼 / 莫娜·辛格 / 拉杰夫·拉宾德拉纳特安,剧情 / 喜剧 / 爱情 / 歌舞, 印度, 印地语 / 乌尔都语 / 英语,2011-12-08(中国大陆) / 2009-12-25(印度),171分钟(印度)
唐人街探案2,https://img1.doubanio.com/view/photo/s_ratio_poster/public/p2512717519.jpg,6.6,陈思诚,王宝强 / 刘昊然 / 肖央 / 刘承羽 / 尚语贤 / 王迅 / 妻夫木聪 / 迈克尔·皮特 / 白灵 / 元华 / 曾江 / 王成思 / 杨金赐 / 范湉湉 / 佟丽娅 / 陈思诚,喜剧 / 动作 / 悬疑, 中国大陆, 汉语普通话 / 英语 / 日语 / 粤语,2018-02-16(中国大陆),121分钟
蜘蛛侠：英雄远征 Spider-Man: Far from Home,https://img9.doubanio.com/view/photo/s_ratio_poster/public/p2558293106.jpg,7.7,乔·沃茨,汤姆·赫兰德 / 赞达亚 / 杰克·吉伦哈尔 / 寇碧·史莫德斯 / 塞缪尔·杰克逊 / 乔恩·费儒 / 玛丽莎·托梅 / 雅各布·巴特朗 / 安格瑞·赖斯 / 马丁·斯塔尔 / 瑞米·许 / 纽曼·阿卡 / 托尼·雷沃罗利 / J·B·斯穆夫 / 赫米基·马德拉 / 戴维娜·西塔拉姆 / 约瑟夫·朗 / 露丝·霍洛克斯 / 希滕·珀泰尔 / 杰罗恩·凡·康宁斯伯格 / 列尼斯·德洛桑托斯 / 查利·蕾娅·埃斯奎尔 / 费斯·洛根 / J·K·西蒙斯 / 小罗伯特·唐尼,动作 / 科幻 / 冒险, 美国, 英语,2019-06-28(中国大陆) / 2019-07-02(美国),127分钟
星际穿越 Interstellar,https://img1.doubanio.com/view/photo/s_ratio_poster/public/p2614988097.jpg,9.3,克里斯托弗·诺兰,马修·麦康纳 / 安妮·海瑟薇 / 杰西卡·查斯坦 / 麦肯吉·弗依 / 卡西·阿弗莱克 / 迈克尔·凯恩 / 马特·达蒙 / 蒂莫西·柴勒梅德 / 艾伦·伯斯汀 / 约翰·利思戈 / 韦斯·本特利 / 大卫·吉亚西 / 比尔·欧文 / 托弗·戈瑞斯 / 科莱特·沃夫 / 弗朗西斯·X·麦卡蒂 / 安德鲁·博尔巴 / 乔什·斯图沃特 / 莱雅·卡里恩斯 / 利亚姆·迪金森 / 杰夫·赫普内尔 / 伊莱耶斯·加贝尔 / 布鲁克·史密斯 / 大卫·奥伊罗 / 威廉姆·德瓦内 / 拉什·费加 / 格里芬·弗雷泽 / 弗洛拉·诺兰,剧情 / 科幻 / 冒险, 美国 / 英国 / 加拿大, 英语,2014-11-12(中国大陆) / 2020-08-02(中国大陆重映) / 2014-11-07(美国),169分钟
钢铁侠 Iron Man,https://img1.doubanio.com/view/photo/s_ratio_poster/public/p725871968.jpg,8.3,乔恩·费儒,小罗伯特·唐尼 / 泰伦斯·霍华德 / 格温妮斯·帕特洛 / 杰夫·布里吉斯 / 莱丝莉·比伯 / 肖恩·托布  / 保罗·贝坦尼 / 乔恩·费儒 / 克拉克·格雷格,动作 / 科幻 / 惊悚 / 冒险, 美国, 英语 / 波斯语 / 乌尔都语 / 阿拉伯语,2008-04-30(中国大陆) / 2008-04-14(悉尼首映) / 2008-05-02(美国),126 分钟
哪吒之魔童降世,https://img9.doubanio.com/view/photo/s_ratio_poster/public/p2563780504.jpg,8.4,饺子,吕艳婷 / 囧森瑟夫 / 瀚墨 / 陈浩 / 绿绮 / 张珈铭 / 杨卫,剧情 / 喜剧 / 动画 / 奇幻, 中国大陆, 汉语普通话,2019-07-26(中国大陆) / 2019-07-13(大规模点映),110分钟
盗梦空间 Inception,https://img2.doubanio.com/view/photo/s_ratio_poster/public/p2616355133.jpg,9.3,克里斯托弗·诺兰,莱昂纳多·迪卡普里奥 / 约瑟夫·高登-莱维特 / 艾利奥特·佩吉 / 汤姆·哈迪 / 渡边谦 / 迪利普·劳 / 基里安·墨菲 / 汤姆·贝伦杰 / 玛丽昂·歌迪亚 / 皮特·波斯尔思韦特 / 迈克尔·凯恩 / 卢卡斯·哈斯 / 李太力 / 克莱尔·吉尔蕾 / 马格努斯·诺兰 / 泰勒·吉蕾 / 乔纳森·吉尔 / 水源士郎 / 冈本玉二 / 厄尔·卡梅伦 / 瑞恩·海沃德 / 米兰达·诺兰 / 拉什·费加 / 蒂姆·科勒赫 / 妲露拉·莱莉,剧情 / 科幻 / 悬疑 / 冒险, 美国 / 英国, 英语 / 日语 / 法语,2010-09-01(中国大陆) / 2020-08-28(中国大陆重映) / 2010-07-16(美国),148分钟
大话西游之大圣娶亲 西遊記大結局之仙履奇緣,https://img9.doubanio.com/view/photo/s_ratio_poster/public/p2455050536.jpg,9.2,刘镇伟,周星驰 / 吴孟达 / 朱茵 / 蔡少芬 / 蓝洁瑛 / 莫文蔚 / 罗家英 / 刘镇伟 / 陆树铭 / 李健仁,喜剧 / 爱情 / 奇幻 / 古装, 中国香港 / 中国大陆, 粤语 / 汉语普通话,2014-10-24(中国大陆) / 2017-04-13(中国大陆重映) / 1995-02-04(中国香港),95分钟 / 110分钟(重映版)
怦然心动 Flipped,https://img1.doubanio.com/view/photo/s_ratio_poster/public/p501177648.jpg,9.1,罗伯·莱纳,玛德琳·卡罗尔 / 卡兰·麦克奥利菲 / 瑞贝卡·德·莫妮 / 安东尼·爱德华兹 / 约翰·马奥尼 / 佩内洛普·安·米勒 / 艾丹·奎因 / 凯文·韦斯曼 / 摩根·莉莉 / 瑞安·克茨纳 / 吉莉安·普法夫 / 迈克尔·博萨 / 博·勒纳 / 杰奎琳·埃沃拉 / 泰勒·格鲁秀斯 / 艾莉·布莱恩特 / 阿什莉·泰勒 / 伊瑟尔·布罗萨德 / 科迪·霍恩 / 迈克尔·博尔顿 / 肖恩·哈珀 / 斯戴芬妮·斯考特 / 帕特丽夏·伦茨 / 马修·戈尔德 / 阿罗拉·凯瑟琳·史密斯 / 凯莉·唐纳利 / 索菲亚·撒高 / 米歇尔·梅斯默 / 斯科特·乔尔·吉兹基 / 罗德·迈尔斯 / 卡拉 帕西托 / 凯特琳·帕西托,剧情 / 喜剧 / 爱情, 美国, 英语,2010-07-26(好莱坞首映) / 2010-09-10(美国),90分钟
让子弹飞,https://img1.doubanio.com/view/photo/s_ratio_poster/public/p1512562287.jpg,8.9,姜文,姜文 / 葛优 / 周润发 / 刘嘉玲 / 陈坤 / 张默 / 姜武 / 周韵 / 廖凡 / 姚橹 / 邵兵 / 苗圃 / 冯小刚 / 胡军 / 马珂 / 白冰 / 杜奕衡 / 李静 / 胡明 / 危笑 / 杨奇雨 / 赵铭,剧情 / 喜剧 / 动作 / 西部, 中国大陆 / 中国香港, 汉语普通话 / 四川话 / 山西话,2010-12-16(中国大陆),132分钟
烈火英雄,https://img3.doubanio.com/view/photo/s_ratio_poster/public/p2563630521.jpg,6.5,陈国辉,黄晓明 / 杜江 / 谭卓 / 杨紫 / 欧豪 / 侯勇 / 张哲瀚 / 谷嘉诚 / 印小天 / 高戈 / 许文广 / 刘金山 / 丁嘉丽,剧情 / 灾难, 中国大陆, 汉语普通话,2019-08-01(中国大陆),120分钟
流浪地球,https://img2.doubanio.com/view/photo/s_ratio_poster/public/p2545472803.jpg,7.9,郭帆,屈楚萧 / 吴京 / 李光洁 / 吴孟达 / 赵今麦 / 隋凯 / 屈菁菁 / 张亦驰 / 杨皓宇 / 阿尔卡基·沙罗格拉茨基 / 李虹辰 / 杨轶 / 姜志刚 / 张欢 / 雷佳音 / 宁浩 / 刘慈欣 / 郭京飞 / 王智 / 张子贤 / 路阳 / 张宁 / 张小北 / 饶晓志 / 陶珞依 / 吴晓亮 / 龚格尔 / 郭帆,科幻 / 冒险 / 灾难, 中国大陆, 汉语普通话 / 英语 / 俄语 / 法语 / 日语 / 韩语 / 印尼语,2019-02-05(中国大陆) / 2020-11-26(中国大陆重映),125分钟 / 137分钟(重映版)
飞屋环游记 Up,https://img9.doubanio.com/view/photo/s_ratio_poster/public/p485887754.jpg,9.0,彼特·道格特 / 鲍勃·彼德森,爱德华·阿斯纳 / 克里斯托弗·普卢默 / 乔丹·长井 / 鲍勃·彼德森 / 德尔罗伊·林多 / 杰罗姆·兰福特 / 约翰·拉岑贝格 / 大卫·卡耶 / 艾丽·道克特 / 杰里米·利里 / 米凯·麦高万 / 丹尼·曼恩 / 唐纳德·富利洛夫 / 杰斯·哈梅尔 / 乔什·库雷 / 彼特·道格特,剧情 / 喜剧 / 动画 / 冒险, 美国, 英语,2009-08-04(中国大陆) / 2009-05-13(戛纳电影节) / 2009-05-29(美国),96分钟
寻梦环游记 Coco,https://img9.doubanio.com/view/photo/s_ratio_poster/public/p2614500706.jpg,9.1,李·昂克里奇 / 阿德里安·莫利纳,安东尼·冈萨雷斯 / 盖尔·加西亚·贝纳尔 / 本杰明·布拉特 / 阿兰娜·乌巴赫 / 芮妮·维克托 / 杰米·卡米尔 / 阿方索·阿雷奥 / 赫伯特·西古恩萨 / 加布里埃尔·伊格莱西亚斯 / 隆巴多·博伊尔 / 安娜·奥菲丽亚·莫吉亚 / 娜塔丽·科尔多瓦 / 赛琳娜·露娜 / 爱德华·詹姆斯·奥莫斯 / 索菲亚·伊斯皮诺萨 / 卡拉·梅迪纳 / 黛娅娜·欧特里 / 路易斯·瓦尔德斯 / 布兰卡·阿拉切利 / 萨尔瓦多·雷耶斯 / 切奇·马林 / 奥克塔维·索利斯 / 约翰·拉岑贝格,喜剧 / 动画 / 音乐 / 奇幻, 美国, 英语 / 西班牙语,2017-11-24(中国大陆) / 2020-07-20(中国大陆重映) / 2017-11-22(美国),105分钟
这个杀手不太冷 Léon,https://img3.doubanio.com/view/photo/s_ratio_poster/public/p511118051.jpg,9.4,吕克·贝松,让·雷诺 / 娜塔莉·波特曼 / 加里·奥德曼 / 丹尼·爱罗 / 彼得·阿佩尔 / 迈克尔·巴达鲁科 / 艾伦·格里尼 / 伊丽莎白·瑞根 / 卡尔·马图斯维奇 / 弗兰克·赛格 / 麦温 / 乔治·马丁 / 罗伯特·拉萨多 / 亚当·布斯奇 / 马里奥·托迪斯科 / 萨米·纳塞利,剧情 / 动作 / 犯罪, 法国 / 美国, 英语 / 意大利语 / 法语,1994-09-14(法国),110分钟(剧场版) / 133分钟(国际版)
少年的你,https://img2.doubanio.com/view/photo/s_ratio_poster/public/p2572166063.jpg,8.3,曾国祥,周冬雨 / 易烊千玺 / 尹昉 / 周也 / 吴越 / 黄觉 / 张艺凡 / 张耀 / 张歆怡 / 赵润南 / 郜玄铭,剧情 / 爱情 / 犯罪, 中国大陆 / 中国香港, 汉语普通话,2019-10-25(中国大陆),135分钟
西虹市首富,https://img1.doubanio.com/view/photo/s_ratio_poster/public/p2529206747.jpg,6.6,闫非 / 彭大魔,沈腾 / 宋芸桦 / 张一鸣 / 张晨光 / 常远 / 魏翔 / 赵自强 / 九孔 / 李立群 / 王成思 / 徐冬冬 / 艾伦 / 杨皓宇 / 黄才伦 / 王力宏 / 包贝尔 / 郎咸平 / 张绍刚 / 杨文哲 / 陶亮 / 王赞 / 黄杨 / 刘鉴 / 杨沅翰 / 林炳宝 / 骆佳 / 陈昊明 / 臧一人,喜剧, 中国大陆, 汉语普通话,2018-07-27(中国大陆),118分钟
你的名字。 君の名は。,https://img1.doubanio.com/view/photo/s_ratio_poster/public/p2395733377.jpg,8.4,新海诚,神木隆之介 / 上白石萌音 / 长泽雅美 / 市原悦子 / 成田凌 / 悠木碧 / 岛崎信长 / 石川界人 / 谷花音 / 寺杣昌纪 / 大原沙耶香 / 井上和彦 / 茶风林 / 加藤有花 / 花泽香菜 / 寺崎裕香,剧情 / 爱情 / 动画, 日本, 日语,2016-12-02(中国大陆) / 2016-08-26(日本),106分钟
心灵奇旅 Soul,https://img9.doubanio.com/view/photo/s_ratio_poster/public/p2626308994.jpg,8.8,彼特·道格特 / 凯普·鲍尔斯,杰米·福克斯 / 蒂娜·菲 / 菲利西亚·拉斯海德 / 阿米尔-卡利布·汤普森 / 戴维德·迪格斯 / 格拉汉姆·诺顿 / 瑞切尔·豪斯 / 艾莉丝·布拉加 / 理查德·艾欧阿德 / 唐尼尔·罗林斯 / 安吉拉·贝塞特 / 马戈·霍尔 / 罗德莎·琼斯 / 韦斯·斯塔迪 / 沙基纳·贾弗里 / 福琼·费姆斯特 / 卡鲁姆·格兰特 / 泽诺比娅·谢罗夫 / 朱恩·斯奎布 / 凯茜·卡瓦蒂妮 / 罗纳尔多·德尔·卡门 / Elisapie Isaac / 杰森·佩斯 / 科拉·尚波米耶,动画 / 音乐 / 奇幻, 美国, 英语,2020-12-25(中国大陆/美国网络) / 2020-10-11(伦敦电影节),101分钟
你好，李焕英,https://img1.doubanio.com/view/photo/s_ratio_poster/public/p2629056068.jpg,8.0,贾玲,贾玲 / 张小斐 / 沈腾 / 陈赫 / 刘佳 / 丁嘉丽 / 王琳 / 杜源 / 何翯 / 何欢 / 韩云云 / 包文婧 / 葛珊珊 / 史策 / 黄小猫 / 许君聪 / 卜钰 / 刘宏禄 / 魏翔 / 孙集斌 / 泰维 / 郭宇鹏 / 朱天福 / 王宇 / 冯巩 / 乔杉 / 王小利 / 宋晓峰 / 董若溪 / 曹贺军 / 赵婷婷 / 姬晴 / 郭祥鹏 / 李一峰 / 潘斌龙,剧情 / 喜剧 / 奇幻, 中国大陆, 汉语普通话,2021-02-12(中国大陆),128分钟
霸王别姬,https://img3.doubanio.com/view/photo/s_ratio_poster/public/p2561716440.jpg,9.6,陈凯歌,张国荣 / 张丰毅 / 巩俐 / 葛优 / 英达 / 蒋雯丽 / 吴大维 / 吕齐 / 雷汉 / 尹治 / 马明威 / 费振翔 / 智一桐 / 李春 / 赵海龙 / 李丹 / 童弟 / 沈慧芬 / 黄斐 / 徐杰,剧情 / 爱情 / 同性, 中国大陆 / 中国香港, 汉语普通话,1993-07-26(中国大陆) / 1993-01-01(中国香港),171分钟 / 155分钟(美国剧场版)
波斯语课 Persischstunden,https://img9.doubanio.com/view/photo/s_ratio_poster/public/p2637021404.jpg,8.2,瓦迪姆·佩尔曼,纳威尔·佩雷兹·毕斯卡亚特 / 拉斯·艾丁格 / 约纳斯·奈伊 / 大卫·舒特 / 亚历山大·拜尔 / 安德里亚斯·霍佛尔 / 莉奥妮·贝尼希 / 朱塞佩·希拉奇 / 安托尼·查隆 / 菲利克斯·冯·布雷多 / 帕斯卡尔·艾尔索 / 马库斯·卡尔文,剧情, 俄罗斯 / 德国 / 白俄罗斯, 德语 / 法语 / 波斯语 / 英语 / 意大利语,2021-03-19(中国大陆) / 2020-02-22(柏林电影节) / 2020-09-24(德国),127分钟
山河令生来知己演唱会,https://img2.doubanio.com/view/photo/s_ratio_poster/public/p2640054503.jpg,,,张哲瀚 / 龚俊 / 周也 / 马闻远 / 孙浠伦 / 李岱昆 / 王若麟 / 黄宥明 / 陈紫函 / 金乐 / 赵茜 / 柯乃予 / 郭家豪 / 范津玮 / 黑子 / 郭云飞 / 袁帅 / 胡夏 / 霍尊 / 满舒克 / 王嘉诚 / 王晰 / 弦子 / 叶里 / 汪聪 / 谢楠 / 马韬 / 小初 / 周照中 / 杨涵玉,音乐 / 歌舞, 中国大陆, 汉语普通话,2021-05-03(中国大陆网络),300分钟
人潮汹涌,https://img9.doubanio.com/view/photo/s_ratio_poster/public/p2632862664.jpg,6.8,饶晓志,刘德华 / 肖央 / 万茜 / 程怡 / 黄小蕾 / 国义骞 / 狄志杰 / 郭京飞 / 刘天佐 / 路阳 / 郭帆 / 刘浩良 / 饶晓志 / 雷佳音 / 史航 / 魏之皓 / 王学兵 / 林海 / 隋凯 / 卫莱,喜剧 / 犯罪, 中国大陆 / 中国香港, 汉语普通话,2021-02-12(中国大陆),119分钟
悬崖之上,https://img2.doubanio.com/view/photo/s_ratio_poster/public/p2641614433.jpg,7.6,张艺谋,张译 / 于和伟 / 秦海璐 / 朱亚文 / 刘浩存 / 倪大红 / 李乃文 / 余皑磊 / 周晓凡 / 雷佳音 / 沙溢 / 韩昊霖 / 赵毅,剧情 / 动作 / 悬疑, 中国大陆 / 中国香港, 汉语普通话 / 英语 / 俄语,2021-04-30(中国大陆),120分钟
